{
  "swagger" : "2.0",
  "info" : {
    "version" : "1.0",
    "title" : "Summary about the new REST service.",
    "description" : "Summary about the new REST service."
  },
  "host" : "localhost:8080",
  "basePath" : "/",
  "schemes" : [ "http" ],
  "paths" : {
    "/bookingupdatesalon" : {
      "put" : {
        "summary" : "",
        "description" : "",
        "operationId" : "put-bookingupdatesalon",
        "consumes" : [ "application/json" ],
        "produces" : [ "application/json" ],
        "parameters" : [ {
          "name" : "body",
          "in" : "body",
          "description" : "",
          "schema" : {
            "$ref" : "#/definitions/root"
          },
          "required" : true
        } ],
        "responses" : {
          "201" : {
            "description" : "Updated",
            "schema" : {
              "type" : "string"
            }
          },
          "200" : {
            "description" : "OK"
          }
        }
      }
    }
  },
  "definitions" : {
    "root" : {
      "type" : "object",
      "properties" : {
        "uid" : {
          "type" : "integer"
        },
        "bookingID" : {
          "type" : "integer"
        },
        "booking_status" : {
          "type" : "string"
        },
        "bDate" : {
          "type" : "string"
        },
        "sessioniD" : {
          "type" : "integer"
        }
      }
    }
  }
}