{
  "swagger" : "2.0",
  "info" : {
    "version" : "1.0",
    "title" : "Summary about the new REST service.",
    "description" : "Summary about the new REST service."
  },
  "host" : "localhost:8080",
  "basePath" : "/",
  "schemes" : [ "http" ],
  "paths" : {
    "/salontobooking" : {
      "post" : {
        "summary" : "",
        "description" : "",
        "operationId" : "post-salontobooking",
        "consumes" : [ "application/json" ],
        "produces" : [ "application/json" ],
        "parameters" : [ {
          "name" : "body",
          "in" : "body",
          "description" : "",
          "schema" : {
            "$ref" : "#/definitions/update"
          },
          "required" : true
        } ],
        "responses" : {
          "200" : {
            "description" : "OK"
          }
        }
      }
    }
  },
  "definitions" : {
    "update" : {
      "type" : "object",
      "required" : [ "Availability", "locationID", "Timeslot", "SID" ],
      "properties" : {
        "SID" : {
          "type" : "integer"
        },
        "Availability" : {
          "type" : "integer"
        },
        "locationID" : {
          "type" : "integer"
        },
        "Timeslot" : {
          "type" : "string"
        }
      }
    }
  }
}