{"records": [
    {
        "jsonSchemaLocation": "/SalonV2.module/Service Descriptors/salonv2.module.Process-SalonV2.json",
        "conversionType": "linked",
        "xsdSchemaTargetNamespace": "http://www.amazing.com/BookingSlotDetail"
    },
    {
        "jsonSchemaLocation": "/SalonV2.module/Service Descriptors/salonv2.module.Process-SalonV2.json",
        "conversionType": "linked",
        "xsdSchemaTargetNamespace": "http://www.amazing.com/SearchAll"
    },
    {
        "jsonSchemaLocation": "/SalonV2.module/Service Descriptors/salonv2.module.Process-SalonV2.json",
        "conversionType": "linked",
        "xsdSchemaTargetNamespace": "http://www.amazing.com/CreateBooking"
    },
    {
        "jsonSchemaLocation": "/SalonV2.module/Service Descriptors/salonv2.module.Process-SalonV2.json",
        "conversionType": "linked",
        "xsdSchemaTargetNamespace": "http://www.amazing.com/Session"
    },
    {
        "jsonSchemaLocation": "/SalonV2.module/Service Descriptors/salonv2.module.Process-SalonV2.json",
        "conversionType": "linked",
        "xsdSchemaTargetNamespace": "http://www.amazing.com/SessionDetail"
    }
]}