{
  "swagger" : "2.0",
  "info" : {
    "version" : "1.0",
    "title" : "GET user details service",
    "description" : "GET user details service"
  },
  "host" : "localhost:8080",
  "basePath" : "/",
  "schemes" : [ "http" ],
  "paths" : {
    "/user/{UID}" : {
      "get" : {
        "summary" : "",
        "description" : "",
        "operationId" : "get-user",
        "consumes" : [ "application/json" ],
        "produces" : [ "application/json" ],
        "parameters" : [ {
          "name" : "UID",
          "in" : "path",
          "description" : "",
          "type" : "string",
          "required" : true
        } ],
        "responses" : {
          "200" : {
            "description" : "a User to be returned",
            "schema" : {
              "$ref" : "#/definitions/User"
            }
          }
        }
      }
    }
  },
  "definitions" : {
    "User" : {
      "type" : "object",
      "required" : [ "CardNo", "Email", "Phone", "TelegramID", "Name" ],
      "properties" : {
        "Name" : {
          "type" : "string"
        },
        "Phone" : {
          "type" : "string"
        },
        "Email" : {
          "type" : "string"
        },
        "CardNo" : {
          "type" : "string"
        },
        "TelegramID" : {
          "type" : "string"
        }
      }
    }
  }
}