{
  "swagger" : "2.0",
  "info" : {
    "version" : "1.0",
    "title" : "Update user service",
    "description" : "Update user service"
  },
  "host" : "localhost:8080",
  "basePath" : "/",
  "schemes" : [ "http" ],
  "paths" : {
    "/user_update" : {
      "put" : {
        "summary" : "",
        "description" : "",
        "operationId" : "put-user_update",
        "consumes" : [ "application/json" ],
        "produces" : [ "application/json" ],
        "parameters" : [ {
          "name" : "body",
          "in" : "body",
          "description" : "",
          "schema" : {
            "$ref" : "#/definitions/User_Update"
          },
          "required" : true
        } ],
        "responses" : {
          "201" : {
            "description" : "Updated",
            "schema" : {
              "type" : "string"
            }
          },
          "200" : {
            "description" : "OK"
          }
        }
      }
    },
    "/user_get/{UID}" : {
      "get" : {
        "summary" : "",
        "description" : "",
        "operationId" : "get-user_get",
        "consumes" : [ "application/json" ],
        "produces" : [ "application/json" ],
        "parameters" : [ {
          "name" : "UID",
          "in" : "path",
          "description" : "",
          "type" : "string",
          "required" : true
        } ],
        "responses" : {
          "200" : {
            "description" : "a User to be returned",
            "schema" : {
              "$ref" : "#/definitions/User"
            }
          }
        }
      }
    }
  },
  "definitions" : {
    "User" : {
      "type" : "object",
      "required" : [ "CardNo", "Email", "Phone", "TelegramID", "Hairstyle_link", "Name" ],
      "properties" : {
        "Name" : {
          "type" : "string"
        },
        "Phone" : {
          "type" : "string"
        },
        "Email" : {
          "type" : "string"
        },
        "CardNo" : {
          "type" : "string"
        },
        "TelegramID" : {
          "type" : "string"
        },
        "Hairstyle_link" : {
          "type" : "string"
        }
      }
    },
    "User_Update" : {
      "type" : "object",
      "required" : [ "UID", "Hairstyle_link" ],
      "properties" : {
        "UID" : {
          "type" : "integer"
        },
        "Hairstyle_link" : {
          "type" : "string"
        }
      }
    }
  }
}