{
  "swagger" : "2.0",
  "info" : {
    "version" : "1.0",
    "title" : "Summary about the new REST service.",
    "description" : "Summary about the new REST service."
  },
  "host" : "localhost:8080",
  "basePath" : "/",
  "schemes" : [ "http" ],
  "paths" : {
    "/payment" : {
      "post" : {
        "summary" : "",
        "description" : "",
        "operationId" : "post-payment",
        "consumes" : [ "application/json" ],
        "produces" : [ "application/json" ],
        "parameters" : [ {
          "name" : "body",
          "in" : "body",
          "description" : "",
          "schema" : {
            "$ref" : "#/definitions/payment"
          },
          "required" : true
        } ],
        "responses" : {
          "201" : {
            "description" : "Created",
            "schema" : {
              "type" : "string"
            }
          },
          "200" : {
            "description" : "OK"
          }
        }
      }
    },
    "/getPayment" : {
      "get" : {
        "summary" : "",
        "description" : "",
        "operationId" : "get-getPayment",
        "consumes" : [ "application/json" ],
        "produces" : [ "application/json" ],
        "parameters" : [ ],
        "responses" : {
          "200" : {
            "description" : "a getPaymentAll to be returned",
            "schema" : {
              "$ref" : "#/definitions/getPaymentAll"
            }
          }
        }
      }
    }
  },
  "definitions" : {
    "getPaymentAll" : {
      "type" : "object",
      "properties" : {
        "getPayment" : {
          "type" : "array",
          "items" : {
            "$ref" : "#/definitions/getPayment",
            "uniqueItems" : false
          }
        }
      }
    },
    "getPayment" : {
      "type" : "object",
      "properties" : {
        "PaymentID" : {
          "type" : "integer"
        },
        "bid" : {
          "type" : "integer"
        },
        "sessionID" : {
          "type" : "integer"
        },
        "Timeslot" : {
          "type" : "string"
        },
        "Amount" : {
          "type" : "number"
        }
      }
    },
    "payment" : {
      "type" : "object",
      "required" : [ "Amount", "sessionID", "BID", "time_slot" ],
      "properties" : {
        "sessionID" : {
          "type" : "integer"
        },
        "BID" : {
          "type" : "integer"
        },
        "time_slot" : {
          "type" : "string"
        },
        "Amount" : {
          "type" : "number"
        }
      }
    }
  }
}