{
  "swagger" : "2.0",
  "info" : {
    "version" : "1.0",
    "title" : "Summary about the new REST service.",
    "description" : "Summary about the new REST service."
  },
  "host" : "localhost:8082",
  "basePath" : "/",
  "schemes" : [ "http" ],
  "paths" : {
    "/bookings3/{uid}" : {
      "get" : {
        "summary" : "",
        "description" : "",
        "operationId" : "get-bookings3",
        "consumes" : [ "application/json" ],
        "produces" : [ "application/json" ],
        "parameters" : [ {
          "name" : "uid",
          "in" : "path",
          "description" : "",
          "type" : "string",
          "required" : true
        } ],
        "responses" : {
          "200" : {
            "description" : "a Bookings to be returned",
            "schema" : {
              "$ref" : "#/definitions/Bookings"
            }
          }
        }
      }
    },
    "/bookings4" : {
      "put" : {
        "summary" : "",
        "description" : "",
        "operationId" : "put-bookings4",
        "consumes" : [ "application/json" ],
        "produces" : [ "application/json" ],
        "parameters" : [ {
          "name" : "body",
          "in" : "body",
          "description" : "",
          "schema" : {
            "$ref" : "#/definitions/BookingID"
          },
          "required" : true
        } ],
        "responses" : {
          "200" : {
            "description" : "a Booking to be returned",
            "schema" : {
              "$ref" : "#/definitions/Booking"
            }
          },
          "201" : {
            "description" : "Created",
            "schema" : {
              "type" : "string"
            }
          }
        }
      }
    },
    "/bookings1" : {
      "put" : {
        "summary" : "",
        "description" : "",
        "operationId" : "put-bookings1",
        "consumes" : [ "application/json" ],
        "produces" : [ "application/json" ],
        "parameters" : [ {
          "name" : "body",
          "in" : "body",
          "description" : "",
          "schema" : {
            "$ref" : "#/definitions/BookingID"
          },
          "required" : true
        } ],
        "responses" : {
          "200" : {
            "description" : "a Booking to be returned",
            "schema" : {
              "$ref" : "#/definitions/Booking"
            }
          },
          "201" : {
            "description" : "Created",
            "schema" : {
              "type" : "string"
            }
          }
        }
      }
    },
    "/bookings" : {
      "get" : {
        "summary" : "",
        "description" : "",
        "operationId" : "get-bookings",
        "consumes" : [ "application/json" ],
        "produces" : [ "application/json" ],
        "parameters" : [ ],
        "responses" : {
          "200" : {
            "description" : "a Bookings to be returned",
            "schema" : {
              "$ref" : "#/definitions/Bookings"
            }
          }
        }
      }
    },
    "/bookings2" : {
      "post" : {
        "summary" : "",
        "description" : "",
        "operationId" : "post-bookings2",
        "consumes" : [ "application/json" ],
        "produces" : [ "application/json" ],
        "parameters" : [ {
          "name" : "body",
          "in" : "body",
          "description" : "",
          "schema" : {
            "$ref" : "#/definitions/Booking"
          },
          "required" : true
        } ],
        "responses" : {
          "200" : {
            "description" : "a Booking to be returned",
            "schema" : {
              "$ref" : "#/definitions/Booking"
            }
          },
          "201" : {
            "description" : "Created",
            "schema" : {
              "type" : "string"
            }
          }
        }
      }
    }
  },
  "definitions" : {
    "BookingID" : {
      "type" : "object",
      "required" : [ "id" ],
      "properties" : {
        "id" : {
          "type" : "integer"
        }
      }
    },
    "Bookings" : {
      "type" : "object",
      "properties" : {
        "Booking" : {
          "type" : "array",
          "items" : {
            "$ref" : "#/definitions/Booking",
            "uniqueItems" : false
          }
        }
      }
    },
    "Booking" : {
      "type" : "object",
      "required" : [ "UID", "bookingID" ],
      "properties" : {
        "bookingID" : {
          "type" : "integer"
        },
        "UID" : {
          "type" : "integer"
        },
        "SessionID" : {
          "type" : "integer"
        },
        "Date" : {
          "type" : "string"
        },
        "Status" : {
          "type" : "string"
        },
        "Location" : {
          "type" : "integer"
        },
        "BID" : {
          "type" : "integer"
        }
      }
    }
  }
}