{
  "swagger" : "2.0",
  "info" : {
    "version" : "1.0",
    "title" : "Customer enters his preference in the Customer UI to invoke salon Salon MS, Salon MS return the suitable salons to the customer UI.",
    "description" : "Customer enters his preference in the Customer UI to invoke salon Salon MS, Salon MS return the suitable salons to the customer UI."
  },
  "host" : "localhost:8080",
  "basePath" : "/",
  "schemes" : [ "http" ],
  "paths" : {
    "/getpossiblesalon/{timeslot}&{minprice}&{maxpirce}&{region}" : {
      "get" : {
        "summary" : "",
        "description" : "",
        "operationId" : "get-getpossiblesalon-timeslotminpricemaxpirceregion",
        "consumes" : [ "application/json" ],
        "produces" : [ "application/json" ],
        "parameters" : [ {
          "name" : "minprice",
          "in" : "path",
          "description" : "",
          "type" : "string",
          "required" : true
        }, {
          "name" : "timeslot",
          "in" : "path",
          "description" : "",
          "type" : "string",
          "required" : true
        }, {
          "name" : "maxpirce",
          "in" : "path",
          "description" : "",
          "type" : "string",
          "required" : true
        }, {
          "name" : "region",
          "in" : "path",
          "description" : "",
          "type" : "string",
          "required" : true
        } ],
        "responses" : {
          "200" : {
            "description" : "a search to be returned",
            "schema" : {
              "$ref" : "#/definitions/search"
            }
          },
          "201" : {
            "description" : "Success",
            "schema" : {
              "type" : "string"
            }
          }
        }
      }
    }
  },
  "definitions" : {
    "search" : {
      "type" : "object",
      "properties" : {
        "name" : {
          "type" : "string"
        },
        "postal_code" : {
          "type" : "integer"
        },
        "Unit_number" : {
          "type" : "string"
        },
        "region" : {
          "type" : "string"
        },
        "bid" : {
          "type" : "integer"
        },
        "sessionID" : {
          "type" : "integer"
        },
        "Availability" : {
          "type" : "integer"
        },
        "Timeslot" : {
          "type" : "string"
        },
        "price" : {
          "type" : "number"
        }
      }
    }
  }
}