{
  "swagger" : "2.0",
  "info" : {
    "version" : "1.0",
    "title" : "Summary about the new REST service.",
    "description" : "Summary about the new REST service."
  },
  "host" : "localhost:8080",
  "basePath" : "/",
  "schemes" : [ "http" ],
  "paths" : {
    "/inserttransactionpaymenttosalon" : {
      "post" : {
        "summary" : "",
        "description" : "",
        "operationId" : "post-inserttransactionpaymenttosalon",
        "consumes" : [ "application/json" ],
        "produces" : [ "application/json" ],
        "parameters" : [ {
          "name" : "body",
          "in" : "body",
          "description" : "",
          "schema" : {
            "$ref" : "#/definitions/insert"
          },
          "required" : true
        } ],
        "responses" : {
          "201" : {
            "description" : "Success",
            "schema" : {
              "type" : "string"
            }
          },
          "200" : {
            "description" : "OK"
          }
        }
      }
    }
  },
  "definitions" : {
    "insert" : {
      "type" : "object",
      "required" : [ "UID", "amount", "PID", "BID", "cardNo" ],
      "properties" : {
        "PID" : {
          "type" : "integer"
        },
        "UID" : {
          "type" : "integer"
        },
        "BID" : {
          "type" : "integer"
        },
        "amount" : {
          "type" : "number"
        },
        "cardNo" : {
          "type" : "integer"
        }
      }
    }
  }
}