{"records": [
    {
        "jsonSchemaLocation": "/Notification.module/Service Descriptors/notification.module.Process-Notification.json",
        "conversionType": "linked",
        "xsdSchemaTargetNamespace": "http://www.amazing.com/TelegramNotification"
    },
    {
        "jsonSchemaLocation": "/Notification.module/Service Descriptors/notification.module.Process-Notification.json",
        "conversionType": "linked",
        "xsdSchemaTargetNamespace": "http://www.amazing.com/emailNotification"
    }
]}