{
  "swagger" : "2.0",
  "info" : {
    "version" : "1.0",
    "title" : "A cut above",
    "description" : "A cut above"
  },
  "host" : "localhost:8080",
  "basePath" : "/",
  "schemes" : [ "http" ],
  "paths" : {
    "/GetBookingSlots/{timeslot}&{minPrice}&{maxPrice}&{region}" : {
      "get" : {
        "summary" : "",
        "description" : "",
        "operationId" : "get-GetBookingSlots",
        "consumes" : [ "application/json" ],
        "produces" : [ "application/json" ],
        "parameters" : [ {
          "name" : "timeslot",
          "in" : "path",
          "description" : "",
          "type" : "string",
          "required" : true
        }, {
          "name" : "minPrice",
          "in" : "path",
          "description" : "",
          "type" : "string",
          "required" : true
        }, {
          "name" : "maxPrice",
          "in" : "path",
          "description" : "",
          "type" : "string",
          "required" : true
        }, {
          "name" : "region",
          "in" : "path",
          "description" : "",
          "type" : "string",
          "required" : true
        } ],
        "responses" : {
          "200" : {
            "description" : "a Search to be returned",
            "schema" : {
              "$ref" : "#/definitions/Search"
            }
          }
        }
      }
    },
    "/UpdateAvailableSlot" : {
      "put" : {
        "summary" : "",
        "description" : "",
        "operationId" : "put-UpdateAvailableSlot",
        "consumes" : [ "application/json" ],
        "produces" : [ "application/json" ],
        "parameters" : [ {
          "name" : "body",
          "in" : "body",
          "description" : "",
          "schema" : {
            "$ref" : "#/definitions/Session"
          },
          "required" : true
        } ],
        "responses" : {
          "201" : {
            "description" : "Success",
            "schema" : {
              "type" : "string"
            }
          },
          "200" : {
            "description" : "OK"
          }
        }
      }
    },
    "/GetAllBookingSlots" : {
      "get" : {
        "summary" : "",
        "description" : "",
        "operationId" : "get-GetAllBookingSlots",
        "consumes" : [ "application/json" ],
        "produces" : [ "application/json" ],
        "parameters" : [ ],
        "responses" : {
          "200" : {
            "description" : "a SearchAll to be returned",
            "schema" : {
              "$ref" : "#/definitions/SearchAll"
            }
          }
        }
      }
    },
    "/CreateBookingSlot" : {
      "post" : {
        "summary" : "",
        "description" : "",
        "operationId" : "post-CreateBookingSlot",
        "consumes" : [ "application/json" ],
        "produces" : [ "application/json" ],
        "parameters" : [ {
          "name" : "body",
          "in" : "body",
          "description" : "",
          "schema" : {
            "$ref" : "#/definitions/CreateBooking"
          },
          "required" : true
        } ],
        "responses" : {
          "201" : {
            "description" : "Success",
            "schema" : {
              "type" : "string"
            }
          },
          "200" : {
            "description" : "OK"
          }
        }
      }
    },
    "/SearchDetilsBySessionID/{sessionID}" : {
      "get" : {
        "summary" : "",
        "description" : "",
        "operationId" : "get-SearchDetilsBySessionID",
        "consumes" : [ "application/json" ],
        "produces" : [ "application/json" ],
        "parameters" : [ {
          "name" : "sessionID",
          "in" : "path",
          "description" : "",
          "type" : "string",
          "required" : true
        } ],
        "responses" : {
          "200" : {
            "description" : "a SessionDetail to be returned",
            "schema" : {
              "$ref" : "#/definitions/SessionDetail"
            }
          }
        }
      }
    }
  },
  "definitions" : {
    "Search" : {
      "type" : "object",
      "properties" : {
        "bid" : {
          "type" : "integer"
        },
        "name" : {
          "type" : "string"
        },
        "Description" : {
          "type" : "string"
        },
        "postal_code" : {
          "type" : "integer"
        },
        "Unit_number" : {
          "type" : "string"
        },
        "region" : {
          "type" : "string"
        },
        "locationID" : {
          "type" : "integer"
        },
        "sessionID" : {
          "type" : "integer"
        },
        "Availability" : {
          "type" : "integer"
        },
        "Timeslot" : {
          "type" : "string"
        },
        "price" : {
          "type" : "number"
        }
      }
    },
    "SearchAll" : {
      "type" : "object",
      "properties" : {
        "Search" : {
          "type" : "array",
          "items" : {
            "$ref" : "#/definitions/Search",
            "uniqueItems" : false
          }
        }
      }
    },
    "CreateBooking" : {
      "type" : "object",
      "properties" : {
        "bid" : {
          "type" : "integer"
        },
        "locationID" : {
          "type" : "integer"
        },
        "Availability" : {
          "type" : "integer"
        },
        "Timeslot" : {
          "type" : "string"
        },
        "price" : {
          "type" : "number"
        }
      }
    },
    "SessionDetail" : {
      "type" : "object",
      "required" : [ "Availability", "unit_number", "Description", "locationID", "price", "name", "sessionID", "postal_code", "region", "bid", "Timeslot" ],
      "properties" : {
        "name" : {
          "type" : "string"
        },
        "locationID" : {
          "type" : "integer"
        },
        "postal_code" : {
          "type" : "integer"
        },
        "unit_number" : {
          "type" : "string"
        },
        "region" : {
          "type" : "string"
        },
        "Description" : {
          "type" : "string"
        },
        "bid" : {
          "type" : "integer"
        },
        "sessionID" : {
          "type" : "integer"
        },
        "Availability" : {
          "type" : "integer"
        },
        "Timeslot" : {
          "type" : "string"
        },
        "price" : {
          "type" : "number"
        }
      }
    },
    "Session" : {
      "type" : "object",
      "required" : [ "sessionID" ],
      "properties" : {
        "sessionID" : {
          "type" : "integer"
        }
      }
    }
  }
}