{"records": [
    {
        "jsonSchemaLocation": "/Payment.module/Service Descriptors/payment.module.Process-payment.json",
        "conversionType": "linked",
        "xsdSchemaTargetNamespace": "http://www.amazing.com/payment"
    },
    {
        "jsonSchemaLocation": "/Payment.module/Service Descriptors/payment.module.Process-Payment.json",
        "conversionType": "linked",
        "xsdSchemaTargetNamespace": "http://www.amazing.com/payment"
    },
    {
        "jsonSchemaLocation": "/Payment.module/Service Descriptors/payment.module.Process-Payment.json",
        "conversionType": "linked",
        "xsdSchemaTargetNamespace": "http://www.amazing.com/getPayment"
    }
]}