{
  "swagger" : "2.0",
  "info" : {
    "version" : "1.0",
    "title" : "Summary about the new REST service.",
    "description" : "Summary about the new REST service."
  },
  "host" : "localhost:8080",
  "basePath" : "/",
  "schemes" : [ "http" ],
  "paths" : {
    "/sendEmail" : {
      "post" : {
        "summary" : "",
        "description" : "",
        "operationId" : "post-sendEmail",
        "consumes" : [ "application/json" ],
        "produces" : [ "application/json" ],
        "parameters" : [ {
          "name" : "body",
          "in" : "body",
          "description" : "",
          "schema" : {
            "$ref" : "#/definitions/emailNotification"
          },
          "required" : true
        } ],
        "responses" : {
          "201" : {
            "description" : "Email sent successfully",
            "schema" : {
              "type" : "string"
            }
          },
          "200" : {
            "description" : "OK"
          }
        }
      }
    },
    "/sendTelegram" : {
      "post" : {
        "summary" : "",
        "description" : "",
        "operationId" : "post-sendTelegram",
        "consumes" : [ "application/json" ],
        "produces" : [ "application/json" ],
        "parameters" : [ {
          "name" : "body",
          "in" : "body",
          "description" : "",
          "schema" : {
            "$ref" : "#/definitions/TelegramNotification"
          },
          "required" : true
        } ],
        "responses" : {
          "201" : {
            "description" : "Telegram sent successfully",
            "schema" : {
              "type" : "string"
            }
          },
          "200" : {
            "description" : "OK"
          }
        }
      }
    }
  },
  "definitions" : {
    "emailNotification" : {
      "type" : "object",
      "required" : [ "message", "email" ],
      "properties" : {
        "email" : {
          "type" : "string"
        },
        "message" : {
          "type" : "string"
        }
      }
    },
    "TelegramNotification" : {
      "type" : "object",
      "required" : [ "message", "chat_id" ],
      "properties" : {
        "chat_id" : {
          "type" : "string"
        },
        "message" : {
          "type" : "string"
        }
      }
    }
  }
}