{"records": [
    {
        "jsonSchemaLocation": "/Notifications.module/Service Descriptors/notifications.module.Process-Notifications.json",
        "conversionType": "linked",
        "xsdSchemaTargetNamespace": "http://www.amazing.com/TelegramNotification"
    },
    {
        "jsonSchemaLocation": "/Notifications.module/Service Descriptors/notifications.module.Process-Notifications.json",
        "conversionType": "linked",
        "xsdSchemaTargetNamespace": "http://www.amazing.com/payment"
    }
]}